timestamp,categoria
2026-03-02 12:49:37,perdida_intermedia
2026-03-02 15:19:38,perdida_intermedia
2026-03-02 17:04:38,perdida_intermedia
2026-03-02 19:49:41,rtt_medium
2026-03-02 19:49:41,rtt_dark
2026-03-02 20:04:41,rtt_medium
2026-03-02 20:04:41,rtt_medium
2026-03-02 21:04:27,perdida_intermedia
2026-03-03 06:19:31,perdida_intermedia
2026-03-03 07:34:38,perdida_intermedia
2026-03-03 09:19:29,perdida_intermedia
2026-03-03 09:34:39,rtt_medium
2026-03-03 09:49:36,rtt_medium
2026-03-03 15:19:42,perdida_intermedia
2026-03-03 17:04:30,perdida_intermedia
2026-03-03 19:34:42,perdida_intermedia
2026-03-03 20:04:31,perdida_intermedia
2026-03-03 21:04:34,perdida_intermedia
2026-03-03 23:34:38,perdida_intermedia
2026-03-04 01:19:41,perdida_intermedia
2026-03-04 02:19:32,rtt_medium
2026-03-04 03:04:38,rtt_medium
2026-03-04 03:19:37,rtt_medium
2026-03-04 05:34:34,perdida_intermedia
2026-03-04 05:34:34,cambio_ip_asn
2026-03-04 05:34:34,cambio_ip_asn
2026-03-04 05:34:34,cambio_longitud
2026-03-04 08:19:31,cambio_ip_asn
2026-03-04 08:19:31,cambio_ip_asn
2026-03-04 08:19:31,cambio_longitud
2026-03-04 11:19:42,perdida_intermedia
2026-03-04 12:34:35,rtt_dark
2026-03-04 12:49:34,rtt_medium
2026-03-04 13:19:30,perdida_intermedia
2026-03-04 13:19:30,rtt_dark
2026-03-04 13:34:35,rtt_medium
2026-03-04 14:19:42,perdida_intermedia
2026-03-04 15:04:28,perdida_intermedia
2026-03-04 17:19:28,perdida_intermedia
2026-03-04 20:19:38,perdida_intermedia
2026-03-05 00:04:37,perdida_intermedia
2026-03-05 01:19:38,perdida_intermedia
2026-03-05 07:34:33,perdida_intermedia
2026-03-05 11:04:29,rtt_medium
2026-03-05 11:19:35,rtt_medium
2026-03-05 17:04:33,perdida_intermedia
2026-03-05 18:49:35,rtt_medium
2026-03-05 19:04:27,rtt_medium
2026-03-05 19:19:37,rtt_medium
2026-03-05 19:34:33,rtt_medium
2026-03-05 19:49:28,rtt_light
2026-03-05 20:04:41,rtt_medium
2026-03-05 20:19:38,rtt_medium
2026-03-05 20:49:41,rtt_dark
2026-03-05 21:04:36,rtt_medium
2026-03-05 21:49:41,perdida_intermedia
2026-03-05 22:19:30,perdida_intermedia
2026-03-05 23:49:33,perdida_intermedia
2026-03-06 00:34:30,perdida_intermedia
2026-03-06 00:49:42,rtt_medium
2026-03-06 01:04:42,rtt_medium
2026-03-06 01:19:31,perdida_intermedia
2026-03-06 03:34:31,perdida_intermedia
2026-03-06 04:19:36,perdida_intermedia
2026-03-06 04:49:38,perdida_intermedia
2026-03-06 05:49:33,perdida_intermedia
2026-03-06 06:04:38,rtt_dark
2026-03-06 06:04:38,rtt_dark
2026-03-06 06:04:38,rtt_dark
2026-03-06 06:19:29,rtt_medium
2026-03-06 06:19:29,rtt_medium
2026-03-06 06:19:29,rtt_medium
2026-03-06 07:34:39,perdida_intermedia
2026-03-06 09:04:33,perdida_intermedia
2026-03-06 12:19:39,perdida_intermedia
2026-03-06 13:04:41,perdida_intermedia
2026-03-06 13:34:41,rtt_medium
2026-03-06 17:19:40,rtt_medium
2026-03-06 17:19:40,perdida_intermedia
2026-03-06 17:34:35,rtt_medium
2026-03-06 17:49:41,rtt_medium
2026-03-06 20:49:28,rtt_medium
2026-03-06 21:04:32,rtt_medium
2026-03-06 21:04:32,rtt_dark
2026-03-06 21:19:38,rtt_medium
2026-03-06 21:19:38,perdida_intermedia
2026-03-07 05:34:38,rtt_medium
2026-03-07 05:49:31,rtt_medium
2026-03-07 10:19:39,rtt_dark
2026-03-07 10:34:33,rtt_medium
2026-03-07 12:34:30,rtt_dark
2026-03-07 12:49:35,rtt_medium
2026-03-07 13:49:37,perdida_intermedia
2026-03-08 01:19:40,rtt_medium
2026-03-08 13:49:42,rtt_medium
2026-03-08 14:04:40,rtt_medium
2026-03-08 18:34:40,rtt_dark
2026-03-08 18:49:38,rtt_medium
2026-03-08 19:34:34,rtt_dark
2026-03-08 19:49:31,rtt_medium
2026-03-08 20:19:35,rtt_dark
2026-03-08 20:34:29,rtt_medium
2026-03-09 00:49:39,rtt_medium
2026-03-09 01:04:29,rtt_medium
2026-03-09 01:04:29,rtt_medium
2026-03-09 04:19:38,rtt_medium
2026-03-09 05:19:28,rtt_dark
2026-03-09 05:34:30,rtt_medium
2026-03-09 14:04:33,rtt_medium
2026-03-09 14:19:39,rtt_medium
2026-03-09 19:04:35,perdida_intermedia
2026-03-10 01:34:33,rtt_medium
2026-03-10 01:49:38,rtt_medium
2026-03-10 15:49:40,rtt_medium
2026-03-10 16:04:29,rtt_medium
2026-03-10 16:34:34,rtt_dark
2026-03-10 16:49:38,perdida_intermedia
2026-03-10 17:49:36,perdida_intermedia
2026-03-10 18:19:41,perdida_intermedia
2026-03-10 18:49:31,rtt_dark
2026-03-10 18:49:31,rtt_medium
2026-03-10 19:04:30,rtt_medium
2026-03-10 19:04:30,rtt_medium
2026-03-10 19:49:31,perdida_intermedia
2026-03-10 19:49:31,rtt_medium
2026-03-10 20:04:27,rtt_medium
2026-03-10 21:19:39,rtt_medium
2026-03-11 01:04:31,rtt_dark
2026-03-11 01:04:31,rtt_dark
2026-03-11 01:19:29,perdida_intermedia
2026-03-11 01:19:29,rtt_medium
2026-03-11 01:19:29,rtt_medium
2026-03-11 06:49:41,perdida_intermedia
2026-03-11 10:34:35,perdida_intermedia
2026-03-11 12:04:31,perdida_intermedia
2026-03-11 12:49:28,perdida_intermedia
2026-03-11 13:19:38,rtt_medium
2026-03-11 13:34:35,rtt_medium
2026-03-11 13:49:39,perdida_intermedia
2026-03-11 14:34:39,perdida_intermedia
2026-03-11 17:49:37,perdida_intermedia
2026-03-11 18:49:33,perdida_intermedia
2026-03-11 21:04:34,perdida_intermedia
2026-03-11 22:04:31,perdida_intermedia
2026-03-11 23:04:39,perdida_intermedia
2026-03-12 00:34:33,perdida_intermedia
2026-03-12 05:04:32,perdida_intermedia
2026-03-12 05:49:27,perdida_intermedia
2026-03-12 09:34:39,perdida_intermedia
2026-03-12 10:04:38,perdida_intermedia
2026-03-12 12:49:37,perdida_intermedia
2026-03-12 16:04:40,perdida_intermedia
2026-03-12 17:34:42,perdida_intermedia
2026-03-12 18:19:28,perdida_intermedia
2026-03-12 19:49:40,perdida_intermedia
2026-03-12 20:19:38,perdida_intermedia
2026-03-12 21:19:33,rtt_dark
2026-03-12 21:34:33,rtt_medium
2026-03-12 21:49:41,perdida_intermedia
2026-03-13 02:04:40,perdida_intermedia
2026-03-13 07:34:41,perdida_intermedia
2026-03-13 09:49:34,perdida_intermedia
2026-03-13 10:19:36,perdida_intermedia
2026-03-13 10:49:33,perdida_intermedia
2026-03-13 13:19:40,perdida_intermedia
2026-03-13 13:49:35,perdida_intermedia
2026-03-13 14:34:29,perdida_intermedia
2026-03-13 17:04:33,perdida_intermedia
2026-03-13 18:04:40,perdida_intermedia
2026-03-13 18:49:40,perdida_intermedia
2026-03-13 19:34:33,perdida_intermedia
2026-03-13 20:04:41,perdida_intermedia
2026-03-13 21:04:42,perdida_intermedia
2026-03-13 22:19:33,perdida_intermedia
2026-03-13 23:19:36,rtt_dark
2026-03-13 23:34:38,perdida_intermedia
2026-03-14 01:04:29,perdida_intermedia
2026-03-14 01:34:31,perdida_intermedia
2026-03-14 03:04:30,perdida_intermedia
2026-03-14 03:49:36,perdida_intermedia
2026-03-14 04:34:33,perdida_intermedia
2026-03-14 06:34:39,perdida_intermedia
2026-03-14 07:19:38,perdida_intermedia
2026-03-14 08:49:40,rtt_dark
2026-03-14 09:04:39,perdida_intermedia
2026-03-14 09:04:39,rtt_medium
2026-03-14 10:04:32,perdida_intermedia
2026-03-14 10:34:31,perdida_intermedia
2026-03-14 11:19:29,rtt_medium
2026-03-14 11:34:35,perdida_intermedia
2026-03-14 14:34:35,perdida_intermedia
2026-03-14 15:49:32,rtt_dark
2026-03-14 16:04:35,rtt_medium
2026-03-14 16:49:38,perdida_intermedia
2026-03-14 17:34:33,perdida_intermedia
2026-03-14 20:34:34,rtt_dark
2026-03-14 20:49:36,rtt_medium
2026-03-15 01:34:42,perdida_intermedia
2026-03-15 02:19:42,perdida_intermedia
2026-03-15 06:34:33,perdida_intermedia
2026-03-15 07:19:28,perdida_intermedia
2026-03-15 11:34:29,rtt_dark
2026-03-15 11:49:36,rtt_medium
2026-03-15 13:49:33,perdida_intermedia
2026-03-15 15:19:34,rtt_dark
2026-03-15 15:34:38,rtt_medium
2026-03-15 16:49:34,perdida_intermedia
2026-03-15 21:49:38,perdida_intermedia
2026-03-15 22:34:28,perdida_intermedia
2026-03-15 23:49:41,perdida_intermedia
2026-03-16 00:49:35,rtt_dark
2026-03-16 01:04:33,rtt_medium
2026-03-16 02:34:36,perdida_intermedia
2026-03-16 07:49:36,perdida_intermedia
2026-03-16 08:49:29,perdida_intermedia
2026-03-16 10:04:30,perdida_intermedia
2026-03-16 14:04:41,perdida_intermedia
2026-03-16 17:49:30,perdida_intermedia
2026-03-16 19:34:38,perdida_intermedia
2026-03-16 20:34:28,perdida_intermedia
2026-03-16 21:04:29,perdida_intermedia
2026-03-16 22:34:37,perdida_intermedia
2026-03-16 23:49:35,rtt_dark
2026-03-16 23:49:35,rtt_dark
2026-03-17 00:04:35,rtt_medium
2026-03-17 00:04:35,rtt_medium
2026-03-17 00:34:32,rtt_dark
2026-03-17 00:49:29,rtt_dark
2026-03-17 00:49:29,rtt_medium
2026-03-17 01:04:42,rtt_medium
2026-03-17 04:04:27,rtt_dark
2026-03-17 04:19:35,rtt_medium
2026-03-17 06:19:31,perdida_intermedia
2026-03-17 07:34:29,perdida_intermedia
2026-03-17 08:34:34,perdida_intermedia
2026-03-17 11:19:37,perdida_intermedia
2026-03-17 13:04:30,perdida_intermedia
2026-03-17 13:49:32,perdida_intermedia
2026-03-17 14:19:41,perdida_intermedia
2026-03-17 15:04:28,perdida_intermedia
2026-03-17 15:49:30,perdida_intermedia
2026-03-17 17:04:41,perdida_intermedia
2026-03-17 18:34:41,rtt_dark
2026-03-17 18:49:38,rtt_medium
2026-03-17 19:49:39,perdida_intermedia
2026-03-17 20:19:42,rtt_medium
2026-03-17 21:19:36,perdida_intermedia
2026-03-18 00:34:29,perdida_intermedia
2026-03-18 01:04:28,rtt_dark
2026-03-18 01:19:38,rtt_medium
2026-03-18 01:49:33,perdida_intermedia
2026-03-18 02:34:31,perdida_intermedia
2026-03-18 05:34:36,perdida_intermedia
2026-03-18 06:19:30,perdida_intermedia
2026-03-18 10:04:34,perdida_intermedia
2026-03-18 13:19:30,rtt_dark
2026-03-18 13:19:30,rtt_medium
2026-03-18 13:34:35,rtt_medium
2026-03-18 13:34:35,rtt_medium
2026-03-18 13:34:35,rtt_medium
2026-03-18 14:19:33,perdida_intermedia
2026-03-18 16:49:42,perdida_intermedia
2026-03-18 19:04:34,perdida_intermedia
2026-03-18 20:49:28,perdida_intermedia
2026-03-18 23:04:33,perdida_intermedia
2026-03-19 01:49:32,perdida_intermedia
2026-03-19 23:19:32,perdida_intermedia
2026-03-19 23:49:32,rtt_dark
2026-03-20 00:04:35,rtt_medium
2026-03-20 00:49:30,rtt_dark
2026-03-20 01:04:37,rtt_medium
2026-03-20 02:04:31,perdida_intermedia
2026-03-20 04:49:34,rtt_dark
2026-03-20 05:04:36,rtt_medium
2026-03-20 10:19:31,perdida_intermedia
2026-03-20 13:49:32,perdida_intermedia
2026-03-20 14:49:33,perdida_intermedia
2026-03-20 16:04:40,perdida_intermedia
2026-03-20 17:04:32,perdida_intermedia
2026-03-20 18:19:33,rtt_dark
2026-03-20 18:34:32,rtt_medium
2026-03-20 19:04:41,perdida_intermedia
2026-03-20 20:19:39,perdida_intermedia
2026-03-20 21:19:32,perdida_intermedia
2026-03-20 22:19:35,perdida_intermedia
2026-03-20 22:49:41,perdida_intermedia
2026-03-20 23:34:37,perdida_intermedia
2026-03-21 00:34:40,perdida_intermedia
2026-03-21 01:34:33,perdida_intermedia
2026-03-21 02:19:37,perdida_intermedia
2026-03-21 03:19:35,perdida_intermedia
2026-03-21 04:19:41,perdida_intermedia
2026-03-21 13:49:35,perdida_intermedia
2026-03-21 19:04:39,rtt_dark
2026-03-21 19:19:29,rtt_medium
2026-03-21 20:19:40,perdida_intermedia
2026-03-22 01:49:30,perdida_intermedia
2026-03-22 03:19:35,rtt_medium
2026-03-22 03:34:34,rtt_medium
2026-03-22 16:49:33,rtt_dark
2026-03-22 17:04:37,rtt_medium
2026-03-23 12:49:40,perdida_intermedia
2026-03-23 13:04:30,rtt_medium
2026-03-23 13:19:34,rtt_medium
2026-03-23 15:04:38,perdida_intermedia
2026-03-23 19:49:28,perdida_intermedia
2026-03-23 23:19:33,perdida_intermedia
2026-03-24 01:19:31,perdida_intermedia
2026-03-24 02:34:41,rtt_medium
2026-03-24 14:04:42,rtt_dark
2026-03-24 14:19:28,rtt_medium
2026-03-24 15:19:39,perdida_intermedia
2026-03-24 18:19:36,rtt_medium
2026-03-24 21:34:41,perdida_intermedia
2026-03-24 21:34:41,rtt_medium
2026-03-24 22:04:28,rtt_medium
2026-03-25 00:49:34,perdida_intermedia
2026-03-25 05:19:28,rtt_medium
2026-03-25 05:34:30,rtt_medium
2026-03-25 09:19:38,perdida_intermedia
2026-03-25 11:34:37,perdida_intermedia
2026-03-25 13:19:40,perdida_intermedia
2026-03-25 14:49:38,perdida_intermedia
2026-03-25 18:04:37,rtt_dark
2026-03-25 18:19:28,rtt_medium
2026-03-25 21:34:42,perdida_intermedia
2026-03-25 22:19:39,perdida_intermedia
2026-03-26 00:34:33,perdida_intermedia
2026-03-26 07:49:41,perdida_intermedia
2026-03-26 12:49:38,rtt_dark
2026-03-26 13:04:33,rtt_medium
2026-03-26 13:49:28,perdida_intermedia
2026-03-26 14:19:39,perdida_intermedia
2026-03-26 19:04:31,perdida_intermedia
2026-03-26 19:49:33,rtt_medium
2026-03-26 19:49:33,rtt_medium
2026-03-26 20:04:31,rtt_medium
2026-03-26 20:04:31,rtt_medium
2026-03-27 14:19:30,perdida_intermedia
2026-03-27 15:49:33,rtt_medium
2026-03-27 16:34:38,perdida_intermedia
2026-03-27 18:49:39,perdida_intermedia
2026-03-28 00:04:36,perdida_intermedia
2026-03-28 00:34:39,perdida_intermedia
2026-03-28 01:19:37,perdida_intermedia
2026-03-28 02:04:31,perdida_intermedia
2026-03-28 12:19:40,perdida_intermedia
2026-03-28 12:49:42,rtt_medium
2026-03-28 13:04:35,rtt_medium
2026-03-28 13:04:35,rtt_medium
2026-03-28 13:19:40,rtt_dark
2026-03-28 13:34:36,rtt_medium
2026-03-28 17:49:34,perdida_intermedia
2026-03-28 21:49:32,perdida_intermedia
2026-03-28 22:19:28,perdida_intermedia
2026-03-28 22:49:36,perdida_intermedia
2026-03-29 00:19:35,perdida_intermedia
2026-03-29 00:49:37,perdida_intermedia
2026-03-29 01:49:42,rtt_medium
2026-03-29 02:19:28,perdida_intermedia
2026-03-29 04:19:35,perdida_intermedia
2026-03-29 07:04:40,perdida_intermedia
2026-03-29 10:19:38,perdida_intermedia
2026-03-29 13:34:33,rtt_medium
2026-03-29 23:19:42,rtt_medium
2026-03-29 23:19:42,rtt_medium
2026-03-29 23:19:42,rtt_dark
2026-03-29 23:19:42,rtt_medium
2026-03-29 23:19:42,rtt_dark
2026-03-29 23:19:42,rtt_dark
2026-03-29 23:34:39,rtt_medium
2026-03-29 23:34:39,rtt_medium
2026-03-29 23:34:39,rtt_medium
2026-03-29 23:34:39,rtt_medium
2026-03-29 23:34:39,rtt_medium
2026-03-29 23:34:39,rtt_medium
2026-03-30 00:49:42,perdida_intermedia
2026-03-30 11:34:35,rtt_dark
2026-03-30 11:49:40,rtt_medium
2026-03-30 14:19:39,perdida_intermedia
2026-03-30 15:19:37,perdida_intermedia
2026-03-30 16:04:32,perdida_intermedia
2026-03-30 19:49:37,perdida_intermedia
2026-03-30 20:34:37,perdida_intermedia
2026-03-30 23:34:42,perdida_intermedia
2026-03-31 00:19:32,rtt_dark
2026-03-31 00:34:30,rtt_medium
2026-03-31 01:49:33,perdida_intermedia
2026-03-31 02:49:38,perdida_intermedia
2026-03-31 15:04:35,perdida_intermedia
2026-03-31 20:04:40,perdida_intermedia
2026-04-01 00:19:38,perdida_intermedia
2026-04-01 03:19:35,perdida_intermedia
2026-04-01 06:49:41,perdida_intermedia
2026-04-01 09:34:29,perdida_intermedia
2026-04-01 16:19:30,perdida_intermedia
2026-04-01 19:19:38,perdida_intermedia
2026-04-01 19:49:39,perdida_intermedia
2026-04-01 20:19:32,perdida_intermedia
2026-04-02 02:19:34,rtt_dark
2026-04-02 02:34:38,perdida_intermedia
2026-04-02 03:04:38,rtt_dark
2026-04-02 03:19:41,rtt_medium
2026-04-02 04:04:41,perdida_intermedia
2026-04-02 10:49:34,perdida_intermedia
2026-04-02 14:04:36,perdida_intermedia
2026-04-02 15:04:32,perdida_intermedia
2026-04-02 19:04:38,perdida_intermedia
2026-04-02 20:04:33,perdida_intermedia
2026-04-03 09:19:35,perdida_intermedia
2026-04-03 10:34:30,rtt_dark
2026-04-03 10:49:30,rtt_medium
2026-04-03 12:34:31,rtt_dark
2026-04-03 12:49:42,rtt_medium
2026-04-03 13:04:42,perdida_intermedia
2026-04-03 15:49:40,rtt_dark
2026-04-03 16:04:29,perdida_intermedia
2026-04-03 16:04:29,rtt_medium
2026-04-03 17:04:35,perdida_intermedia
2026-04-03 18:49:40,perdida_intermedia
2026-04-04 00:19:38,rtt_medium
2026-04-04 00:34:39,rtt_medium
2026-04-04 00:49:36,perdida_intermedia
